,date,content
0,2022-10-30 13:38:49+00:00,@faf1307 üáÆüá≥bowling attack is üî•üî•#INDvsSA
1,2022-10-29 20:52:26+00:00,"What a game of football is two teams in relegation zone bests the team with best keeper, best defender, best coach and best attack üòÇüòÇüòÇ #LIVLEE"
2,2022-10-27 16:37:03+00:00,"Attack on Shiraz Shrine kills at least 15
Al ajal ya Imam ajfh
#iran"
3,2022-10-27 11:29:24+00:00,"15 killed in Shiraz shrine attack
At least 15 people have been killed and 40 injured in an attack on a Shia religious shrine in the southern Iranian city of Shiraz. ISIL (ISIS) claimed responsibility for the attack. https://t.co/qZwy4dmzuL"
4,2022-10-25 13:29:56+00:00,"#Gujrat: 
‡§™‡•Å‡§≤‡§ø‡§∏ ‡§ü‡•Ä‡§Æ ‡§™‡§∞ ‡§´‡•á‡§Ç‡§ï‡§æ ‡§™‡•á‡§ü‡•ç‡§∞‡•ã‡§≤ ‡§¨‡§Æ...#‡§ó‡•Å‡§ú‡§∞‡§æ‡§§ ‡§ï‡•á #‡§¨‡§°‡§º‡•ã‡§¶‡§∞‡§æ ‡§Æ‡•á‡§Ç #‡§¶‡•Ä‡§™‡§æ‡§µ‡§≤‡•Ä ‡§ï‡•á ‡§™‡§∞‡•ç‡§µ ‡§™‡§∞ ‡§™‡•Å‡§≤‡§ø‡§∏‡§ï‡§∞‡•ç‡§Æ‡§ø‡§Ø‡•ã‡§Ç ‡§™‡§∞ ‡§π‡§Æ‡§≤‡§æ‡•§

 #Video #Vadodara #PetrolBomb #petrol #Attack #Police #Diwali #Hindus https://t.co/iJ8A8jkNkI"
5,2022-10-09 15:17:59+00:00,"@Asksindia_ Aur jo
Chamchamate kurte pahanta hai
Topa laga k Jim corbett me modeling karta hai
Photoshoot after Pulwama terror attack
Yaad aaya chamche
Janta ko sab yaad hai

Horse trader ka launda bhi daba k kama raha hai
Abe sharm kar dastavej chor"
6,2022-10-01 02:56:19+00:00,"A huge serious worldwide problem of methane gas attack in Baltic sea
https://t.co/Rz8Rxet9Eu
#BalticSea https://t.co/x8bSBgJLnE"
7,2022-09-30 16:45:34+00:00,"Methane gas attack in Baltic sea 
https://t.co/Rz8Rxet9Eu https://t.co/Vof1ok0xtw"
8,2022-08-23 07:45:55+00:00,"One of the flag bearer of #toxicFeminism and pioneer of #ThapadKand in the society Haryana #BJPLeader and former #Bigboss contestant #SonaliPhogat died in Goa by heart attack. God is watching you &amp; he will not spare you, He must have thought of smthng according to your misdeeds. https://t.co/yKumJJjqED"
9,2022-08-16 02:30:11+00:00,"In Sant Shri Asaram Bapu Case the prosecution couldn't prove their claim for applying Section 120B against Bapuji still #‡§∏‡§æ‡§ú‡§ø‡§∂_‡§ï‡•á_‡§∂‡§ø‡§ï‡§æ‡§∞_‡§∏‡§Ç‡§§ were sentenced!
This deep-rooted Conspiracy Against Bapuji is a brutal attack on Hinduism &amp; Hindus! https://t.co/WZLaGrZC3r"
10,2022-08-11 07:31:37+00:00,"Ya Allah(SW)pls ProTect the UmmAh Of Prophet ŸÖÿ≠ŸÖÿØ ÿµŸÑ€å ÿßŸÑŸÑ€Å ÿπŸÑ€å€Å Ÿàÿ≥ŸÑŸÖ !!
#Ghazaunderattack #Palestine_Under_Attack https://t.co/WZ8YzvWkej"
11,2022-08-07 09:39:50+00:00,"When Gaza is Under attack from Israel, Nobody Cares Because Gaza is Not Ukraine....
#GazaUnderAttack üíî  
#FreePalestine üáµüá∏
#IsraeliTerrorism ü§¨ https://t.co/gWkShES4Qb"
12,2022-06-29 08:08:57+00:00,"Mr @DChaurasia2312 U R Very Senior journalist

Inquiry (janch) or investigation (vivechna ,tafteesh)

I think @NIA_India take over investigation of this terrorist attack of udaipur https://t.co/DDSYC0C697"
13,2022-05-26 17:28:15+00:00,"Maulvi Allauddin Hyder was the Imam of Makkah Masjid, Hyderabad, state. He is popularly known for leading an attack at British Residency during Great revolt 1857. He is the first prisoner to be sentenced and deported to Cellular Jail (Kaala pani), Andaman &amp;Nicobar islands. https://t.co/01sviM5rfA"
14,2022-04-09 03:51:27+00:00,"The Caliph of Muslims Erdogan, is very Regret for the attack on the occupier and bloodthirsty Israel.
Now you Can easily Understand What happened in Karbala and what would the Muslims have done with Prophet's Grandson in Karbala

#Palestine #Israel #TelAviv #Erdogan #Muslims https://t.co/BGMJ89jeem"
15,2022-03-04 16:09:12+00:00,"Former Australia leg-spinner Shane Warne has passed away at the age of 52. Warne's management released a statement, saying that he passed away in Thailand due to a suspected heart attack.
You will be remembered ‚ù§Ô∏è üèè https://t.co/3TPCXgRmLG"
16,2022-03-01 05:40:48+00:00,"@00007_Jamesbond Waise rarely kisi kisi ka blood jyada tasty hota hai maccharo ke liye comparatively, to aise cases mein wo aaspas ke logon par kamm aur uss par attack karte hain... üòùüòÇ"
17,2022-02-26 04:48:19+00:00,@optrisod @RubikaLiyaquat Konsa nasha krke soo rhe ho kiski itni himmt h ab jo bharat pr attack krne ki soche.. or konsa congress party ko blame krdiya .. pulwama attack hua uske badle me ghr me ghus kr maara hmare jawano ne atankiyo ko.. nasha kam fuko or hosh me ajao jaichando .
18,2022-02-15 05:27:35+00:00,@ranvijaylive Pulwama attack
19,2022-02-14 06:14:21+00:00,"‡§§‡•Å‡§Æ‡•ç‡§π‡§æ‡§∞‡•á ‡§∂‡•å‡§∞‡•ç‡§Ø ‡§ï‡•á ‡§ó‡•Ä‡§§,‡§ï‡§∞‡•ç‡§ï‡§∂ ‡§∂‡•ã‡§∞ ‡§Æ‡•á‡§Ç ‡§ñ‡•ã‡§è ‡§®‡§π‡•Ä; ‡§ó‡§∞‡•ç‡§µ ‡§á‡§§‡§®‡§æ ‡§•‡§æ ‡§ï‡§ø,‡§π‡§Æ ‡§¶‡•á‡§∞ ‡§§‡§ï ‡§∞‡•ã‡§è ‡§®‡§π‡•Ä‡§Ç‡•§Tribute To Martyrs Of The Pulwama AttacküáÆüá≥üôèüôè"
20,2022-02-14 05:59:52+00:00,"BLACK DAY FOR INDIA 
PULWAMA ATTACK 
(14,FEB,2019) https://t.co/HXZbGdDo85"
21,2022-02-04 09:23:59+00:00,"I condemn the attack on Mr. Asaduddin Owisi  and pray for his long life to serve the Nation 

@asadowaisi"
22,2022-01-05 19:38:16+00:00,"Was this a conspiracy to attack our Prime Minister @narendramodi ji which was averted.
Because only the Punjab Police and the government there knew the route of Modi ji.
The Congress government has always been a traitor and faithless.
@PunjabGovtIndia @INCIndia @CHARANJITCHANNI"
23,2021-12-28 06:41:00+00:00,"suno muje heart attack aaya hai, doctor ne kaha hai 2 hi option hain
ya to *ICU* or  *Uc me*"
24,2021-12-15 19:05:35+00:00,"‡§π‡§Æ‡•á ‡§ó‡•à‡§∞‡•ã‡§Ç ‡§∏‡•á ‡§ï‡•ã‡§à ‡§ó‡§ø‡§≤‡§æ ‡§®‡§π‡•Ä‡§Ç ll
‡§Ö‡§™‡§®‡•ã‡§Ç ‡§ï‡•Ä ‡§ñ‡§æ‡§Æ‡•ã‡§∂‡•Ä ‡§™‡§∞ ‡§§‡§æ‡§ú‡•ç‡§ú‡•Å‡§¨ ‡§π‡•à l

‡§µ‡•ã ‡§∏‡§∞‡•ç‡§¶ ‡§∞‡§æ‡§§‡•ã‡§Ç ‡§ï‡•Ä ‡§∏‡§ø‡§∏‡§ï‡§ø‡§Ø‡§æ‡§Ç ‡§ó‡§µ‡§æ‡§π‡•Ä ‡§¶‡•á‡§Ç‡§ó‡•Ä,
‡§ú‡§º‡§æ‡§≤‡§ø‡§Æ ‡§ï‡•á ‡§π‡§æ‡§•‡•ã‡§Ç ‡§ï‡•Ä ‡§≤‡§æ‡§†‡§ø‡§Ø‡§æ‡§Ç ‡§ó‡§µ‡§æ‡§π‡•Ä ‡§¶‡•á‡§Ç‡§ó‡•Ä,

#Jamia_AMU_Attack
#15DecAttackOnAMU #RestoreMillatTimesPage https://t.co/PZxXXGId6l"
25,2021-11-11 16:04:14+00:00,With the bowling attack Pakistan have 177 is a huge chase for Australia. #AUSVSPAK @cricketcomau @rv_regmi @iamharshtegta @TheRealPCB
26,2021-11-04 03:39:28+00:00,@KIYARAKHHO @TANMAYVARSHNE17 Bangladesh has sent many guys into the jail and in Tripura no arrest yet even police is Also involve in the attack.. https://t.co/Nx9Itjw42h
27,2021-10-19 12:07:12+00:00,"ISKON knows better than BJP and RSS how to raise voice against jihad.
Believe me this is the first act of Islamic terror against Iskcon temple. Certainly their voice will be heard unlike when thousands of terror attack on Indian soil and its temples were not heard effectively.
üôè https://t.co/EaiGx0zBCo"
28,2021-09-23 18:01:24+00:00,"@KotwalMeena @kavita_krishnan @DGPAssamPolice @assampolice üÖ±Ô∏èuslim Bangladeshi attack Police and seriously injured 11 Police officers who was there to evict encroachers. In retaliation @assampolice opened defensive fire and neutralised two attackers.

My Based @assampolice ‚ù§Ô∏è

I support #Assampolice https://t.co/eR8p8uUXHU"
29,2021-09-23 18:00:48+00:00,"üÖ±Ô∏èuslim Bangladeshi attack Police and seriously injured 11 Police officers who was there to evict encroachers. In retaliation @assampolice opened defensive fire and neutralised two attackers.

My Based @assampolice ‚ù§Ô∏è

I support #Assampolice https://t.co/eR8p8uUXHU https://t.co/2UFeNNnGeV"
30,2021-09-23 17:33:25+00:00,"üÖ±Ô∏èuslim Bangladeshi attack Police and seriously injured 11 Police officers who was there to evict encroachers. In retaliation @assampolice opened defensive fire and neutralised two attackers.

My Based @assampolice ‚ù§Ô∏è

I support #Assampolice @JaipurDialogues @Devendr49392445 https://t.co/9tMONbesWy"
31,2021-09-05 02:33:38+00:00,@Rayaan41 Sbbke sbb saale kutte hai abbe in jaanwaro ko koi btaye uski maut attack se hui hai or normally aesi maute ho rhi hai lekin yeh jo hua is bahan k sath jisko itni buri tarah se gang rape kr maar daala yeh waqai dukh ki baat.‡•§ üò•üò•üò•
32,2021-09-02 09:27:05+00:00,Actor And Big Boos Winner SIDDHARTHA SHUKLA  Heart Attack No more üò∞ https://t.co/NxhwnvQI8w
33,2021-09-02 06:37:41+00:00,Life is too Unpredictableüòî...Can't believe that #SiddharthShukla just passed away due to heart attacküò¢...It's really Heart Breakingüíî https://t.co/LFY9Pabl1B
34,2021-08-11 04:24:11+00:00,"Murderous attack on @NarsinghUvach, despite having state protection. When will Hindu lives be safe in this country?

‡§ú‡§¨ ‡§§‡§ï #SaifAliKhan ‡§ú‡•à‡§∏‡•á #‡§ú‡•á‡§π‡§æ‡§¶‡•Ä ‡§î‡§∞ #KareenaKapoorKhan #‡§ß‡§∞‡•ç‡§Æ‡§™‡§∞‡§ø‡§µ‡§∞‡•ç‡§§‡§® ‡§ï‡§∞‡§µ‡§æ ‡§ï‡§∞ ‡§¨‡§ö‡•ç‡§ö‡•á ‡§¶‡•á‡§®‡•á ‡§µ‡§æ‡§≤‡•Ä ‡§Æ‡§∂‡•Ä‡§® ‡§¨‡§®‡•á‡§ó‡•Ä ‡§§‡§¨ ‡§§‡§ï‡•§ ‡§¶‡§ø‡§ñ‡§æ‡§µ‡§æ #‡§ó‡•Å‡§∞‡•Å‡§¶‡•ç‡§µ‡§æ‡§∞‡•á ‡§ï‡§æ ‡§ï‡§∞‡§§‡•Ä ‡§π‡•à‡•§
I condemn strongly‡•§ https://t.co/ygwTwtGwYe"
35,2021-08-04 07:34:04+00:00,Through Jauhar University This BJP Government Trying to Attack On Muslims Education #SaveJauharUniversity https://t.co/BUx6yMYMJv
36,2021-08-04 07:22:24+00:00,"It has become clear that they are afraid of educated Muslims.
Muslim institutions are under attack.
That's why I always say make your children as educated as possible.
#SaveJauharUniversity"
37,2021-07-24 13:08:33+00:00,Tagging @myogioffice @republic @timesofindia  for better visibility.second attack in last 3 months
38,2021-07-24 13:05:02+00:00,No action from police on these goons even after online complaint with @Uppolice and @112UttarPradesh second attack from these goons on me.complaint registered on 20th september
39,2021-07-18 13:32:24+00:00,"Since morning this fellow is trying to carry away my doormat.
Bright example of sheer perseverance!!
Additionally this buddy likes to roam under bed. High level techniques of getting invisible!!
My house is under attack.....

#dogsoftwitter 
@cspramesh 
@netshrink 
@ias_aunjaneya https://t.co/IotmSCjx1X"
40,2021-07-02 18:06:59+00:00,"#PANTHINI #Webinar #cybersecurity
Have you ever thought of being Cyber bullied, Cyber threatening or faced cyber attack? 
Through this, you will learn Cyber Security, Threats &amp; Way Ahead by @uttarakhandcops Cyber Cell Deputy SP Mr. Ankush Mishra. Fill it
https://t.co/9mPS1uriob https://t.co/eMGSEUXIIM"
41,2021-06-25 03:44:28+00:00,@deepshikha139 Kab Attack Karna Idhar Wala Gang Ready Hai üòàüòÅ
42,2021-06-20 12:11:27+00:00,@ICC NZ Pace attack is just outstanding üå™Ô∏è‚ö°‚ùÑÔ∏èüî• #BACKTHEBLACKCAPS
43,2021-05-29 09:31:34+00:00,"Ban #beef from the world
Ban #Qurbani on Eid in the world
Ban @McDonalds
Ban @BurgerKing 
Attack your own capitalism first and then step into my country.
I stand with @Amul_Coop
#banBeef #banQurbani @PetaIndia @peta"
44,2021-05-19 16:04:24+00:00,"Deep
Feel the pain #freepalastine #Gaza_Under_Attack #IsraelTerrorist #Phalistine #alqudsunderattack https://t.co/fYvxHbEdNr"
45,2021-05-17 09:25:37+00:00,"@RahulGu58052187 @rghegde79 @Israel Bhai Hamas ne attack kiya 7 may ko usse pehle ye Log Nihathhey Namaz padh rhe rahe Palestiniyo par msjid mein ghuss kr aatank machaya iske baad hamas ne attack kiy maqsad sirf jagah par kabza karna smjhiye baT ko
#IndiaStandsWithPalestine #IsraelTerrorist https://t.co/GcgfSIvpzG"
46,2021-05-17 09:21:22+00:00,"@RahulGu58052187 @rghegde79 @Israel Hamas sirf bahana hai Wha Ki Media ko nishana islye bnya gya hai k inki hrktey smne na aye,Israeli are trying to take the place that's not theirs!Jerusalem is under attack, families are getting slaughtered,An attempt by Jewish settlers to evict longtime residents of Sheikh Jarrah"
47,2021-05-17 04:25:47+00:00,"@rghegde79 @RahulGu58052187 @Israel U keeep your support in your ass bc when time,s come,s israel also attack on you chutiya.. #IndiaStandsWithPalestine #IsraelTerrorists üáÆüá≥‚ù£üá¶üá™"
48,2021-05-15 17:12:42+00:00,@AyaIsleemEn That break my heart when i see these pics - may Allah SWT give strength to Muslim Ummah &amp; Muslim country's leaders to take a bold step against this brutal attack - we Indian are with you. #AqsaUnderAttack
49,2021-05-14 15:25:11+00:00,"Palestinians in Gaza evacuate their homes amid intense Israeli bombardment.

üî¥Latest update
#Gaza_Under_Attack 
@RTErdogan https://t.co/LUeTmP6sAu"
50,2021-05-13 06:54:48+00:00,"With thousands of Palestinians suffering and many burying their loved ones as they continue to be under massive attack from Israel, the heart is heavy.
This doesn‚Äôt feel like Eid. But Eid Mubarak. Let‚Äôs hope next Eid is better &amp; peaceful.
Palestine ‚ù£Ô∏èüáµüá∏
#WeStandWithPalestine https://t.co/5VjZcSaWtg"
51,2021-05-12 18:52:30+00:00,"ÿ≥ŸÜ⁄Ø Heavy clashes between Palestinian youth and Zionists and beautiful subjugation of Jews in Haifa

# ÿßŸÑŸÇÿØÿ≥_ÿ£ŸÇÿ±ÿ®
#AllahuAkber #Gaza_under_attack_now #Hamas #freepalastine #AlAqsaUnderAtrack #FreePalestine #hammas #IsraeliTerrorism #Isreal #freepalastine https://t.co/6q2qiE4v9N"
52,2021-05-12 18:51:53+00:00,"üö® | # ŸÅŸàÿ±€å | Other images of the Palestinian resistance rocket attack on Zionist settlements 
#PalestineWillBeFree #PalestineLiveMatter #istanwwithpalestine #freepalastine #GazaUnderAttackk #AllahuAkber #AlAqsaUnderAtrack  #IsraeliTerrorism https://t.co/TbZuD6zHUd"
53,2021-05-12 18:38:28+00:00,"One more attack in #GazaUnderAttack

#PalestineBleeding https://t.co/GYEa9zzG7b"
54,2021-05-12 12:48:27+00:00,"#If you want peace in the world, once all the countries come together and attack Israel. https://t.co/MLtXuydk7g"
55,2021-05-11 20:50:43+00:00,"#BREAKING #Russian Media Outlet #Reported That, #Hezbollah ""The Most Powerful Army On This Planet Is Ready To Attack #Israel. Hezbollah Is Waiting For A Signal Of #Palestine Resistance Factions To attack And Retake The Fields of shebaa Farms and Al-Jali From Israel
#AllahuAkbar"
56,2021-05-11 19:03:29+00:00,"No country would tolerate this type of attack on their citizens. #IsraelUnderFire and Hamas terrorists are now targeting Israel‚Äôs airport. This behavior is unacceptable.
 #IndiaWithIsrael https://t.co/eI4RR8Dvki"
57,2021-05-06 05:24:15+00:00,"@ShekharGupta 
we can understand ur problems 
ur dalali &amp; VIP status 
is no more 

this is biological attack of ur beloved country @china 

yudg mai senapati nhi badlae jate

pappu can't be pm
@ReallySwara https://t.co/bPpVfLFaS3"
58,2021-04-29 18:31:38+00:00,@SDhawan25 @DelhiCapitals @SDhawan25 Gabbar firse jaaga or Dusri teams ka Bowling attack Ground se bhaagaüòÇüòÇ
59,2021-04-16 13:41:41+00:00,@i_m_sid13 @StonksReddit This rate giving me heart attack bro üòÇ
60,2021-04-16 12:23:56+00:00,"@holdthedoge Nooooooooo! 
It'll give me heart attack!!"
61,2021-02-18 13:11:05+00:00,"KOLKATA

Attack on West Bengal Minister due to political rivalry concerning Trinamool Congress: Railway officials

 https://t.co/M4NdUjjSmS"
62,2021-01-09 11:39:20+00:00,"Captain Rahane annoyed against Team India player Mohammad Siraj and Jasprit Bumrah for racist attack between Sydney Test !!
@BCCI
#brekingnews 
#IndiavsAustralia 
#AUSvINDtest"
63,2020-12-15 15:42:57+00:00,"T 133_
Never Forget
Neve Forgive
# Jammia Millia Islamia attack library
#15 December 2019
@_real_arwaz_15_ 
@NumanVella"
64,2020-12-13 04:01:26+00:00,"My tribute to the martyrs who sacrificed their lives defending and protecting the Parliament of India from the terrorist attack.
#ParliamentAttack https://t.co/r6gWGnrOB5"
65,2020-12-04 05:30:22+00:00,"Indian Navy Day is celebrated on *December 4* in commemoration of *operation trident*, the attack launched by  Indian Navy on Karachi harbour during 1971's Indo-Pakistan war.

Today let's take a moment and pay a tribute to all the Indian Navy officers . https://t.co/dpZVRJkrWI"
66,2020-11-26 03:09:03+00:00,"The flames are silent,
Peace is violent,
Tears are frozen
‚Äôcause massacre was chosen.
#26/11‚Äì Mumbai terror attack memories.
#BlackDay #MumbaiAttacks 
#MumbaiTerrorAttacks https://t.co/osJk2nG0dI"
67,2020-10-27 10:34:08+00:00,"Muslim people not safe in Muslim country; 7 people killed in a madrasa attack in Peshawar, Pakistan; 70 injured"
68,2020-10-15 14:03:13+00:00,My Elder Brother dead in Dubai on 26th Sep. As per call we received Cause of death is Heart attack. But we are not getting any update regarding when the body will be receive? Please help @PMOIndia @AmitShah @CMOfficeUP @aajtak @ZeeNews @DubaiPoliceHQ @DrSJaishankar
69,2020-10-04 15:10:58+00:00,Be ready for the counter attack. #‡§≤‡•ã‡§ï‡§§‡§Ç‡§§‡•ç‡§∞_‡§¨‡§ö‡§æ‡§ì https://t.co/fqbtWzcLnM
70,2020-09-24 02:28:25+00:00,Attack attack and attack üòâüè∏‚ù§Ô∏è @ Highlanders Sports Academy Kashipur Uk India https://t.co/mEGjeEG8fp
71,2020-09-18 11:14:42+00:00,"There was an attack by four heavily armed terrorists on 18 September 2016,near the town of Uri in the Indian former state of Jammu and Kashmir. It was reported as ""the deadliest attack on security forces in Kashmir in two decades23DEATHS-19 SOILDERS AND 4 TERRORISTko to marna tha https://t.co/ISvIz4nXPb"
72,2020-08-25 06:52:55+00:00,"Many students were laughing &amp; criticizing when JNU &amp; Jamia were protesting. They supported police brutality in jamia &amp; Goons attack on JNU. Now they want to protest for the cancellation of JEE &amp; NEET exam.They want to protest in Bihar bcz result is'nt declared.
#postponeNEET_JEE"
73,2020-08-13 04:12:11+00:00,"""Marines I see as Rottweilers , big and mean , They're aggressive on the attack and tenacious on defense. And they always go for the throat."" @ Dibdiba https://t.co/Ap1hgTvZLb"
74,2020-08-12 16:58:56+00:00,"You run campaigns for SSR's death.
You blame everyone without proof. 

But what about Rajiv Tyagi's death? Evidence is on live TV for all to see. 
Sambit Patra's personal &amp; toxic abuses against Rajiv Tyagi triggered the heart attack. 

#ArrestSambitPatra
#RIPRajivTyagi"
75,2020-07-28 09:27:36+00:00,"‡§∏‡§®‡§æ‡§§‡§® ‡§Ü‡§Ø‡•ã‡§ó ‡§ï‡•Ä ‡§∏‡•ç‡§•‡§æ‡§™‡§®‡§æ ‡§ï‡•ç‡§Ø‡•ã‡§Ç ‡§π‡•ã‡§®‡•Ä ‡§ö‡§æ‡§π‡§ø‡§è? ‡§≠‡§æ‡§ó-1 https://t.co/bPYIXhTH8O via @YouTube
#Hinduism 
#Hindus_Under_Attack 
#RamMandir 
#‡§Ö‡§Ø‡•ã‡§ß‡•ç‡§Ø‡§æ_‡§π‡§Æ‡§æ‡§∞‡•Ä_‡§∂‡§æ‡§® 
#‡§π‡§ø‡§®‡•ç‡§¶‡•Ç"
76,2020-07-07 13:54:13+00:00,"""‡§∏‡•á‡§ï‡•ç‡§Ø‡•Å‡§≤‡§∞‡§ø‡§ú‡•ç‡§Æ"" ‡§∂‡§¨‡•ç‡§¶ ‡§á‡§∏ ‡§¶‡•á‡§∂ ‡§ï‡•á ‡§∏‡§Ç‡§µ‡§ø‡§ß‡§æ‡§® ‡§Æ‡•á‡§Ç 1976 ‡§Æ‡•á‡§Ç ‡§ú‡•ã‡§°‡§º‡§æ ‡§ó‡§Ø‡§æ ‡§•‡§æ, ‡§¨‡§æ‡§¨‡§æ ‡§∏‡§æ‡§π‡§¨ ‡§®‡•á ‡§Ø‡§π ‡§∂‡§¨‡•ç‡§¶ ‡§∏‡§Ç‡§µ‡§ø‡§ß‡§æ‡§® ‡§Æ‡•á‡§Ç ‡§ï‡•ç‡§Ø‡•ã‡§Ç ‡§®‡§π‡•Ä‡§Ç ‡§ú‡•ã‡§°‡§º‡§æ ‡§•‡§æ? ‡§ú‡§º‡§∞‡§æ ‡§∏‡•ã‡§ö‡§ø‡§è!
#Hindus_Under_Attack 
#Indian"
77,2020-07-02 15:00:40+00:00,"‡§®‡§æ‡§•‡•Ç‡§∞‡§æ‡§Æ ‡§ó‡•ã‡§°‡§∏‡•á ‡§™‡§∞ ‡§â‡§Ç‡§ó‡§≤‡•Ä ‡§â‡§†‡§æ‡§®‡•á ‡§µ‡§æ‡§≤‡•ã‡§Ç ‡§ú‡§∞‡§æ ‡§ï‡§æ‡§® ‡§ñ‡•ã‡§≤‡§ï‡§∞ ‡§∏‡•Å‡§®‡•ã. https://t.co/EHjKJro2DM
#HinduUnitedAgainstTerror 
#Hindus_Under_Attack 
@KapilMishra_IND 
@TheArnaw 
@TheDeepak2020In"
78,2020-06-30 20:07:45+00:00,"They attack our MAP.
We attack their APP.

How sweet bc ü§£ü§£
#ÏòÅÏõêÌïúÎ¶¨Îçî_Ïù¥Ìäπ_ÏÉùÏùºÏ∂ïÌïòÌï¥"
79,2020-06-30 09:01:29+00:00,Believe in yourself! Ignore those who attack you. They don't know what you know.‚Ä¶ https://t.co/v5TtjGS2tv
80,2020-06-29 07:15:12+00:00,@majorgauravarya Responsibility taken by Bloch liberation army. So it's not terrorists attack . But fire of freedom burning in hearts of baloch people
81,2020-06-17 11:44:06+00:00,"Everyone will remember the Pulwama attack

Please rply anyone politician."
82,2020-06-14 06:40:26+00:00,"Reservation is Poona Pact's commitment. Attack on reservation means attack on Poona Pact. If it does, we'll start agitation for 'dual vote rights' for oppressed community as per framed in Community Award."
83,2020-06-12 03:54:13+00:00,"Safura is pregnant, her crime is that she is ""Muslim"", you will remember that Pragya Thakur, accused of Malegaon terror attack, got bell due to his health.
Measure the crime of both Safura and Pragya  by keeping it in the scales, then you will understand.
 #ReleaseSafooraZargar"
84,2020-06-06 12:44:56+00:00,"Triple talaq.       üëâüèª Target Muslims

Article 370.        üëâüèª Target Muslims

NRC CAA NPR.  üëâüèªTarget Muslims 

Delhi Genocide  üëâüèªTarget Muslims

Jamia Attack üëâüèªTarget Muslims

JNU Attack üëâüèª Target Muslim's

Corona pendemicüëâüèªTarget Muslims. 

#StopTargetingMuslims"
85,2020-06-03 09:23:26+00:00,"#EliminatingCorruption
Read on to learn exactly how the Modi Govt has undertaken an all-round attack on graft, ensuring that the corrupt are caught and brought to justice. https://t.co/MF0zcZxdd7
via NaMo App"
86,2020-05-31 03:56:07+00:00,"#52_Cruelities_On_GodKabir 
 By Sheik Teki, attack on Lord kabir with the Ashthmetal Gedha..

But Lord Kabir was safe from attack.. Because he was complete God
Watch Sadhna channel at 7.30pm daily. https://t.co/2n1jqGxg38"
87,2020-05-27 00:56:17+00:00,"People really need help but may attack you if you do help them. Help people anyway.
#Modi is doing the same."
88,2020-05-23 08:31:01+00:00,"Jamia has been under state attack in recent times ever since it ignited the protests against CAA. The police forces barged into university spaces, thrashed students, destroyed library. 
Now they are hunting down student leaders &amp; booking them with false charges. 
#StandWithJamia"
89,2020-05-19 19:34:00+00:00,"@TikTok_IN shoud be banned
Or they should not become a platform to spread communilisim and hatred against women. Normalising Rape and promoting acid attack videos 
Action required!
@NCWIndia
@AmitShah
@narendramodi @PMOIndia @aajtak @republic @Republic_Bharat 
#BanTikToklnlndia"
90,2020-05-12 23:04:01+00:00,"Gunmen attack maternity hospital in Kabul killing 14, including Mothers ,Nurses and 2 newborns.
#kabulattack #KabulHospitalAttack"
91,2020-05-09 12:00:22+00:00,"Dear madam. 
I just need the help my father has been suffered by Heart attack. I have lack of money to curing my father and  feed the my family too. 3 orphan children are also living with my family.
Please help @SunnyLeone @TheShilpaShetty @CMOfficeUP"
92,2020-05-07 12:41:43+00:00,@Vinnywin2 aise hi counter attack krti rhe apni army...üòä
93,2020-05-02 23:46:08+00:00,"If a murderer and a rapist is thoroughly investigated, then their link off from the RSS or BJP.
Example-JNU attack,JMI Firing and Delhi violence etc.
#BanRSS #BanRSS 
@ladeedafarzana @kashaf3751"
94,2020-04-25 14:33:24+00:00,The most embarrassing thing is in Congress party only Sonia Gandhi remains to do such type of cheap attack &amp; request BJP GOVT Pls take appropriate action against wrong person following by IB #ArnabGoswami
95,2020-04-24 07:02:18+00:00,"[Breaking] Attack on doctors, healthcare workers to be cognizable and non-bailable offence: Central govt announces Ordinance  https://t.co/f43ICUuXDR #Central government #Doctors #Epidemic Diseases Act #attack on doctors"
96,2020-04-24 01:03:00+00:00,@suhasinih Fake attack
97,2020-04-23 08:44:57+00:00,@Sanjeev86858352 Is this attack possible? He has Y class security.
98,2020-04-23 05:35:52+00:00,I also agree with your views and strongly condemn the attack on Goswami couple https://t.co/jnqaqRo9oU
99,2020-04-23 05:04:21+00:00,@Javedakhtarjadu ‡§ù‡•Ç‡§† ‡§¨‡•ã‡§≤‡§§‡§æ ‡§π‡•à‡§Ç ‡§∏‡§æ‡§≤‡§æ.....‡§¶‡•á‡§∂‡§¶‡•ç‡§∞‡•ã‡§π‡•Ä‡•§ attack ‡§π‡•Å‡§Ü ‡§π‡•à ‡§§‡•ã video ‡§¶‡§ø‡§ñ‡§æ‡•§ ‡§ï‡§æ‡§∞ ‡§ï‡•Ä ‡§´‡•ã‡§ü‡•ã ‡§¶‡§ø‡§ñ‡§æ ‡§™‡§§‡§æ‡•§ @ArnabGoswamiRtv
100,2020-04-23 05:01:34+00:00,"‡§ù‡•Ç‡§† ‡§¨‡•ã‡§≤‡§§‡§æ ‡§π‡•à‡§Ç ‡§∏‡§æ‡§≤‡§æ.....‡§¶‡•á‡§∂‡§¶‡•ç‡§∞‡•ã‡§π‡•Ä‡•§ attack ‡§π‡•Å‡§Ü ‡§π‡•à ‡§§‡•ã video ‡§¶‡§ø‡§ñ‡§æ‡•§ ‡§ï‡§æ‡§∞ ‡§ï‡•Ä ‡§´‡•ã‡§ü‡•ã ‡§¶‡§ø‡§ñ‡§æ ‡§™‡§§‡§æ‡•§ ‡§ó‡•Å ‡§∏‡•ç‡§µ‡§æ‡§Æ‡•Ä 

#SoniaGoonsAttackArnab"
101,2020-04-23 04:56:28+00:00,@ANI ‡§ù‡•Ç‡§† ‡§¨‡•ã‡§≤‡§§‡§æ ‡§π‡•à‡§Ç ‡§∏‡§æ‡§≤‡§æ.....‡§¶‡•á‡§∂‡§¶‡•ç‡§∞‡•ã‡§π‡•Ä‡•§ attack ‡§π‡•Å‡§Ü ‡§π‡•à ‡§§‡•ã video ‡§¶‡§ø‡§ñ‡§æ‡•§ ‡§ï‡§æ‡§∞ ‡§ï‡•Ä ‡§´‡•ã‡§ü‡•ã ‡§¶‡§ø‡§ñ‡§æ ‡§™‡§§‡§æ‡•§ @ArnabGoswamiRtv
102,2020-04-22 18:46:57+00:00,"Attack on mrs Sonia Gandhi by Arnab Goswami is highly condemnable. He has gone insane and crossed all limits, he should be ashamed of himself . I must ask the Editors guild - isn‚Äôt this all time low for journalism ? Mr Rajeev Chandrasekhar must sack him immediately.
#Strength"
103,2020-04-16 19:48:36+00:00,@ReallySwara What about attack on health workers in West UP?Numb ?because attackers are from clan of a community whom u ready to serve itself as....
104,2020-04-16 10:17:43+00:00,It's really shameful those who are saving your life and fight for you. These uneducated people's attack on them. Even they don't care their lives to save you... My all support to doctors and medical team https://t.co/18yJoUWlH2
105,2020-04-15 20:16:55+00:00,"Panic and misunderstanding among community is arising a serious issue...poors are devastating for food, peoples attack health workers, etc.What we want..need to ask your self, every life is precious no one have right to ruin the entire war to get of corona.

#Moradabad 
#COVID19 https://t.co/EHuiuNvmPl"
106,2020-03-26 08:50:32+00:00,"Strongly condemns the terrorist attacks on a Gurudwara in Kabul Afghanistan which claimed 25 lives. 
Deepest condolence and solidarity with our Sikh brothers and sisters over terror attack in Kabul Gurudwara. 

#KabulAttack
#DownWithIS"
107,2020-03-25 17:41:39+00:00,In solidarity with Sikhs over the terror attack in Kabul! https://t.co/IWZ7wDLgXv
108,2020-03-16 00:16:18+00:00,"Attack BJP, I'll convince u. Attack RSS, I'll invite u to Shakha. Attack Modi, I'll give u facts. Attack #MotherIndia #IWillNotTolerate!"
109,2020-03-15 05:35:23+00:00,"India n its governance :
Disease breakout - Army sought
Riots - Army sought
Floods - Army sought
Earth Quske - Army sought
Arson n Fights - Army sought
Parliament Attack - Army sought
26/11 - Army sought
Then what is civil admin for. Diwali Id Xmas Gurpurab celeb
@IndiaToday"
110,2020-03-14 06:01:49+00:00,I have some idea for prevent 29 aprilAccording to my idea when we continiously attack on ages of the asteroids through hydrogen bomb and other safe weapons or bomb with the help of PSLV or some other small rocket we change direction of this asteroid  i request for NASA and ISRO
111,2020-03-13 14:45:01+00:00,"Dear sir,
Request to prohibit weekly market which are being assembled in various parts of https://t.co/nZVdLQj0JN of biggest is saturday weekly market being organised in Lajpat Nagar, Sahibabad where thusands gather.reqiest to issue prohibitions orders due to corona attack https://t.co/DyEzBb2oJ0"
112,2020-03-04 07:29:11+00:00,@b3eb9d9d2ebb4ec Kisi par personal attack kyon karna hai
113,2020-03-03 05:28:21+00:00,"Isse corona virus ka attack hua hai,abhi giraftaar karke virus ka test karo https://t.co/dvRZDM5kQj"
114,2020-03-02 15:01:34+00:00,"#saintrampalji
Nahin bataya counter tha yah kaisa hai vah kul ka Malik Jisne Sare Brahmand ki  Rachna ki aur aur aur Hamen Banaya vah Parmatma Kabir hai
‡§¶‡•á‡§ñ‡•á‡§Ç ‡§∏‡§æ‡§ß‡§®‡§æ ‡§ö‡•à‡§Ç‡§®‡§≤ ‡§™‡§∞ ‡§∂‡§æ‡§Æ 7:40

#Hindus_Under_Attack https://t.co/I7PfIZqNvd"
115,2020-02-14 04:25:02+00:00,"‡§Ø‡§π‡§æ‡§Ç ‡§´‡•Ç‡§≤ ‡§¶‡•á‡§ï‡§∞ ‡§≤‡•ã‡§ó ‡§Æ‡•ã‡§π‡§¨‡•ç‡§¨‡§§ ‡§ú‡§§‡§æ‡§§‡•á ‡§∞‡§π‡•á 
‡§µ‡§π‡§æ‡§Ç ‡§ö‡•Å‡§™‡§ï‡•á ‡§∏‡•á ‡§ï‡•ã‡§à ‡§ú‡§æ‡§® ‡§¶‡•á‡§ï‡§∞ ‡§ï‡§∞‡•ç‡§ú‡§¶‡§æ‡§∞ ‡§ï‡§∞ ‡§ó‡§Ø‡§æ !

#pulwama_attack üôè https://t.co/CtwWppKG7P"
116,2020-02-14 04:03:52+00:00,"‡§®‡§Æ ‡§Ü‡§Ç‡§ñ‡•á‡§Ç, ‡§ó‡§∞‡•ç‡§µ ‡§∏‡•á ‡§ö‡•å‡§°‡§º‡§æ ‡§∏‡•Ä‡§®‡§æ ‡§î‡§∞ ‡§¶‡§ø‡§≤ ‡§Æ‡•á‡§Ç ‡§¶‡•á‡§∂‡§≠‡§ï‡•ç‡§§‡§ø ‡§ï‡§æ ‡§ú‡§ú‡§º‡•ç‡§¨‡§æ ‡§≤‡§ø‡§è ‡§π‡§Æ ‡§∏‡§¨ ‡§Ü‡§™‡§ï‡•Ä ‡§Ø‡§æ‡§¶ ‡§∏‡§Ç‡§ú‡•ã‡§è ‡§π‡•à‡§Ç‡•§
#PulwamaNahinBhulenge 
#PulwamaAttack 
#Pulwamamartyrs 
#pulwamanahinbhulege 
#pulwama_attack https://t.co/dpy5aIfvb2"
117,2020-01-25 17:20:00+00:00,@maryashakil Attack is wrong.But say honestly is he journalist?
118,2020-01-22 11:57:49+00:00,@aajtak @sambitswaraj @sardanarohit Caa- counter attack again üòÇ  @sambitswaraj
119,2020-01-17 15:54:38+00:00,"@EroshiPaul Kya apne yahan tabrez ansari, akhlaq, pehlu khan ko marte hue ka video ni dekha...
Fr bhi unki maut ko heart attack ka name diya gya...
Pakistan me to shia muslim aur ahmediya muslim ko pratadit kiya jata h...
Fr sarkar unhen nagrikta q ni dena chahati..."
120,2020-01-17 13:41:19+00:00,"@Ratan28318032 Ye hi to dikkat h...
Pulwama attack ho gya...
Uske upr ni bologe tum log...
Lekin jo cheej muslim virodhi hogi usme nikal aaoge...
Barsati mendhak ki trh"
121,2020-01-12 16:42:19+00:00,"Humko to kuch aisa bhi lag raa hai, ki Pulwama attack bhi is DCP ne hi kisi ke kehne par hi karaya tha. Iski achhe se investigation ho to bade bade chehre saamne aayenge?#DontBurnCampuses"
122,2020-01-09 02:30:47+00:00,Hey listen..everyone understands the pain that an acid attack victim goes through and we don't need to sympathise with them by watching the movie of a traitor. @SwatiJaiHind . https://t.co/uMARmUlCDW
123,2020-01-08 08:51:28+00:00,Acid attack supporter will only #boycottchhapaak
124,2020-01-08 06:18:13+00:00,"US may pull pakistan into war and coerce it to attack iran from east.
Pakistan grabbing this invitation as an opportunity to attack chaabahaar
India left with no option but to annexe POK, attack pak bases in baluchistan. 
@sidspin"
125,2020-01-07 15:07:07+00:00,"#JNU ‡§≠‡•Ä ‡§∞‡§æ‡§∑‡•ç‡§ü‡•ç‡§∞‡•Ä‡§Ø ‡§∏‡§Ç‡§™‡§§‡•ç‡§§‡§ø ‡§π‡•à,
JNU ‡§Æ‡•á‡§Ç ‡§π‡•Å‡§à ‡§§‡•ã‡§°‡§º‡§´‡•ã‡§°‡§º ‡§ï‡•Ä ‡§µ‡§∏‡•Ç‡§≤‡•Ä,
""‡§Ü‡§§‡§Ç‡§ï‡§µ‡§æ‡§¶‡•Ä"" ‡§∏‡§Ç‡§ó‡§†‡§®
#ABVP ‡§∏‡•á ‡§π‡•ã‡§®‡§æ ‡§ö‡§æ‡§π‡§ø‡§è ‡§ï‡§ø ‡§®‡§π‡•Ä‡§Ç?
‡§π‡§æ‡§Å ‡§ï‡•á ‡§≤‡§ø‡§è RT ‡§ï‡§∞‡•á‡§Ç üòÅüëá
@BJP_KaBirodhi @ihansraj #JNU #Attack 
@DaudKhan3283"
126,2020-01-06 06:20:54+00:00,"#JNUattack

I wonder what other so called students organization are doing, when there is bloodshed and attack on #JNU #JMI #AMU ?
These are not students organization but Government's Youth Wing. They have their Agendas ‚ùï"
127,2020-01-05 18:32:46+00:00,"Attack on #JNU students are empowered by the administration. Internet seems to be down in the campus.
#FightBackJNU https://t.co/Qbu1MBDKIM"
128,2020-01-05 18:08:01+00:00,"€ÅŸÖŸÜ€í ÿßŸèŸÜ ÿØÿ±ŸÜÿØŸà⁄∫ ⁄©€í €Åÿßÿ™⁄æ ŸÖ€å⁄∫ ÿ≠⁄©ŸàŸÖÿ™ ÿ≥ŸàŸÜŸæ ÿØ€å €Å€í ÿ¨ŸÜ€Å€í €Åÿ± ÿØŸÜ ÿÆŸàŸÜ ⁄Üÿß€Å€å€íÿå ÿ¨ŸÜ⁄©€å ÿ≥€åÿßÿ≥€å ÿ®ŸÜ€åÿßÿØ€å⁄∫ ÿ®€å⁄ØŸÜÿß€Å ŸÑŸà⁄ØŸà⁄∫ ⁄©€å ŸÑÿßÿ¥Ÿà⁄∫ ÿßŸàÿ± ŸÜÿßÿ≠ŸÇ ÿÆŸàŸÜ ⁄©€í ⁄Øÿßÿ±€í ÿ≥€í ⁄ÜŸÜ€å ⁄Øÿ¶€å €Å€å⁄∫ €î
ÿß⁄Øÿ± ÿßŸÜ€Å€í €Åÿ± ÿ±Ÿàÿ≤ ÿÆŸàŸÜ ŸÜÿß ŸÖŸÑ€í ÿ™Ÿà €å€Å ÿ≤ŸÜÿØ€Å ŸÜ€Å€å⁄∫ ÿ±€Å  ÿ≥⁄©ÿ™€í€î
#JNUUnderAttack #JNU_Under_Attack_By_ABVP_Goons"
129,2020-01-05 17:00:05+00:00,@narendramodi @AmitShah @DelhiPolice Your urgent attention required.. Attack on JNU is attack on nation's heart.. @ArvindKejriwal @RahulGandhi #JNUattacked
130,2020-01-05 14:33:53+00:00,JNU k students par terrorist attack.
131,2019-12-29 17:27:57+00:00,"#ZeeNewsWithTruth 

Whenever you think India is going through a problem, #SudhirChoudhary goes with News that cover Nuclear Attack, Pakistan, Terrorists &amp; Blaming #Kejriwal &amp; #RahulGandhi"
132,2019-12-14 15:52:42+00:00,Jamia Gate no 4 protect against #cab  student per laathi charge and tear gass attack' #CABProtest #JamiaMilliaIslamia #cab #baycatcab #JamiaMillia https://t.co/ighqsijXfH
133,2019-11-26 03:48:20+00:00,"My heartfelt tributes to those who lost their lives in 26/11 Mumbai Terror Attack. I salute the courage of all security forces who fought fearlessly against the terrorists that day.

We also salute the fortitude of the victims‚Äô families as they have been an inspiration for us. https://t.co/7INtCkvf9c"
134,2019-11-23 19:08:19+00:00,@112UttarPradesh Thank you so much ho gya hai band DJ lekin plzzz it's a humble request 10 se 11 tak baja le lekin yeh 12 -1 baje tak bajate hai uski wajah se January mei meri mummy ko heart attack bhi ho chuka hai ek baar stunt daley ja chuke hai unko
135,2019-11-23 19:06:40+00:00,@112UttarPradesh Thank you so much ho gya hai band DJ lekin plzzz it's a humble request 10 se 11 tak baja le lekin yeh 12 -1 baje tak bajate hai uski wajah se January mei meri mummy ko heart attack bhi ho chuka hai ek baar stunt daley ja chuke hai unko
136,2019-10-05 08:24:44+00:00,"GST, Demonization &amp; attack on Pak in midnight is acceptable but cutting tress isn't at any cost.Responible people should get suspended with immediate affect.#AareyForest"
137,2019-08-25 01:32:14+00:00,Vipin bhai heart attack nahi kisi na jahrela peda khila diya ha. https://t.co/5lUOfJiWGn
138,2019-08-24 15:56:03+00:00,Gone are the Days when media was allowed to roam war area with Satellite Phones to reveal to the Enemy location of our soldiers OR to beam live images of our soldiers to Pakistani Handlers during Mumbai attack so that they could guide the entrapped terrorists. https://t.co/U6bqhGL3Ti
139,2019-08-05 05:59:21+00:00,BJP‚Äôs Attack on Kashmir !!by removing article 370
140,2019-07-16 18:49:37+00:00,"richA bhAratI should distribute Quran amongst secularist Hindus so that they know that the AsmAnI kitAb is behind every terrorist attack and all the filth in world today. Those who saying I am with richA, should first write her name correctly in nAgarI, which is ‡§ã‡§ö‡§æ and not ‡§∞‡§ø‡§ö‡§æ"
141,2019-04-22 05:03:56+00:00,"Any Link between Shah Mehmood Qureshi's warning that India will attack Pakistan between 16th &amp; 22nd April &amp; this attack?
Was that an attempt to divert attention? https://t.co/xDLGdjAz4Q"
142,2019-03-12 02:49:51+00:00,@SwetaSinghAT @saraswat__kunal Jo ek parivar ne apne pm ko boast mai khoya ho or wk pm ki hatya kar digayi ho us pariwar ko kha jayega videsi shezada pappu but by default doosre azzahar terrorist ko apne sath lejakar kandhar mai dete hai use NSA bana dete or usi ke tenur mai terrorist attack hota hai unse  koi
143,2019-03-07 11:55:50+00:00,"@alam_mujaid The attack in Lucknow should be condemned in the Strongest words.
The guilty MUST be punished."
144,2019-03-06 13:02:42+00:00,"#SelfieWithTilak 
Bolo Kans kaisa lga #Tilak hamara dhyan se dekhna kahi heart attack na aa jaye @siddaramaiah https://t.co/BcbabmjQUD"
145,2019-02-18 14:46:16+00:00,"Mr. Jeremy Corbin, It was a TERRORIST ATTACK in broad Day Light.
If that is how you view a Terrorist Attack, then the likes of you Should Never come to Power.
Hope the British people send you to the Dust Bin of History in Next Election.
@theresa_may
@UKinIndia
@PMOIndia https://t.co/TwbgXaORyX"
146,2019-02-17 03:10:24+00:00,"Now, who'll take the responsibility of this terrorist attack ? @yadavakhilesh @dimpleyadav @PhirSeTejPratap @sunilyadv_unnao  @SurajKrBauddh @AnshulYadav87 @sprajg @samajwadiparty @Mayawati @mayawatinews @DigitalForceSP @MediaCellSP https://t.co/RXybutegQi"
147,2019-02-16 19:34:23+00:00,"#Candle_march
#Pulwama_attack
#crpf_martyrs @ Mohammad Ali Jauhar University https://t.co/NlQyG7GbQH"
148,2019-02-16 12:10:37+00:00,‡§∏‡•ã‡§ö ‡§ï‡§∞ ‡§¶‡•Å‡§É‡§ñ ‡§π‡•ã‡§§‡§æ ‡§π‡•à ‡§ï‡•Ä ‡§ê‡§∏‡•á ‡§Æ‡§æ‡§®‡§∏‡§ø‡§ï ‡§∞‡•Ç‡§™ ‡§∏‡•á ‡§µ‡§ø‡§ï‡§≤‡§æ‡§Ç‡§ó ‡§Ø‡•Å‡§µ‡§æ‡§ì‡§Ç ‡§Æ‡•á‡§Ç ‡§ï‡•Å‡§õ ‡§≤‡•ã‡§ó ‡§¶‡•á‡§∂ ‡§ï‡§æ ‡§≠‡§µ‡§ø‡§∑‡•ç‡§Ø ‡§¶‡•á‡§ñ‡§§‡•á ‡§π‡•à‡§Ç‡•§ #RIP the brain of Mr. Jayant Chaudhary #Pulwama_Attack https://t.co/FuvtXlrJbM
149,2019-02-15 18:07:45+00:00,"@IndiaToday Disgusting Buddha ... and when he got missing why didn‚Äôt u filed a complaint to search him? Were u waiting for this attack? And @IndiaToday even if a single cm of this bitch would have left, why would he be allowed to bury ???"
150,2019-02-15 07:02:05+00:00,Pulwama attack #RIP https://t.co/zXc8rXPn3m
151,2019-02-15 05:57:39+00:00,Angry and Saddened to know about the attack in #Pulwama. On Shanti for those who have today lost their lives in us and Prayers for the speedy recovery of the injured. üôèüôè
152,2019-02-14 19:26:39+00:00,"Pained by the cowardly attack on the CRPF convoy. India has lost 36 brave men, in a way that leaves me fuming. We cannot let their sacrifices go in vain. My thoughts and prayers with their families üôè Jai Hind. #Pulwama #KashmirTerrorAttacküò•"
153,2019-02-14 15:42:59+00:00,"A fidayeen attack using an explosive laden car was carried out on jammu srinagar NH. ""The best man is the one who gets death flying on his horse and along(carriage/vehicle)."" [Sahih muslim:20 hadith:4655]. The same old modus operandi of 9/11 in quest of 72 virgins in heaven."
154,2019-02-14 12:58:03+00:00,"Its jaish-e-mohammad which has claimed the avantipura attack on crpf. Meaning of jaish-e-mohammad is the purest/finest followers of the prophet. Hindus and their holy motherland is suffering just because they have been ignoring the words. War in Kashmir is religious, lest we see. https://t.co/MQDCwME2ed"
155,2018-12-21 18:02:21+00:00,@DrRizwanAhmed1 Jis din apko ya apke kisi family. Mamber ko mob lynching se attack hoga apko bi akal lagegi
156,2018-11-17 14:30:02+00:00,Mam land grabbers r trying to capture our property &amp; on my opposing they have now started attacking me. I was beaten on 16 July &amp; layer on 15aug evenimg a massive attack was made on my family.Our fir is not getting registered.
157,2018-11-16 15:55:11+00:00,how my whole family has become a victim of the govt.system.We lost our man uncle Alok then got news of death of his wife &amp; son.Officers &amp; their clerks r enjoying making forge papers &amp; giving false reports regarding our property /ashram.Now we can't even make videos fearing attack
158,2018-08-05 06:49:45+00:00,"@RailMinIndia Hi All, Last night (4-Aug-2018) I was travel in Intercity (14316) along with my sister mother and daughter in Coach no. C2 ,  and the Train was stop at Dalpatpur outer. I was at toilet side and suddenly 3 Robber attack on me and was trying to get out from the train."
159,2018-05-02 19:53:48+00:00,"#RSS_Terrorist_Attacked_AMU 
#Terrorist_Attack_On_Former_VicePresident_Of_India 
#WeStandWithAMU"
160,2018-04-22 07:55:26+00:00,"@JayBhim24x7 We can imagine hw much poisonous a Brhamin canb in judiciary as regards castism,impeachent aganst CJI means attack on JANAU, Nexus between JANAU &amp; JANAU. post never  change a Brhamin either may be CJ or PM.always keeps in mind  caste to fevour, Laws,duty, conduct no value for him"
161,2018-04-20 08:51:28+00:00,"What a funny plea by CJ, it means appeal against any court will b deemed as an attack on judiciary,need to b deleted from CRPC the section of appeal.Basically fact is BJP Govt. has dominated all autonomous institutions.Our democracy  fastely turning towards decitatorship. https://t.co/VicPeSFzgj"
162,2018-03-14 04:22:12+00:00,"Sadly we lost 9 lives in naxal attack...But our sentiments ,‡§π‡§Æ‡§æ‡§∞‡•Ä ‡§∏‡§Ç‡§µ‡•á‡§¶‡§®‡§æ ,are reserved only for those who lost their lives in attacks from across the border..."
163,2018-02-25 10:33:21+00:00,"#Rustom8012  Yeh Muslim Terrorists attack a police post at Chrar-e-Sharief in Budgam killing J&amp;K Police Constable Kultar Singh, decamping with his rifle. Shame on the sick cowards who attacked him inside the 14th century shrine of saint Sheikh ul Aalam Sheikh Nooruddin Noorani."
164,2018-02-25 03:53:15+00:00,Shocked news.shree Devi has died in Dubai due to heart attack.she was only 54 years. RIP. https://t.co/IjjU4p2aLq
165,2018-02-12 10:06:27+00:00,@Rustam8012 1967 main 13 Muslim countries NE Ek sath Israel per attack Kiya aur Israel NE Sab ko Mara Aasliyat main musalmano ka ilaz bhi yahi hai. Hamari sarkar ki bhi yahi Karna chahiye  Pakistan ko ghuskar Marna chahiye
166,2018-01-26 02:41:21+00:00,@BahiskritAwaaz @ranjit1087490 Not only defeated by all but also these cowardice eunuch  invited outsiders to attack on their enemies in the country.
167,2018-01-19 15:08:48+00:00,@ZeeNews Sir Interview was much awaited from yr side in the light of opposition attack on Modi Govt. Infact what we r observing that Pakistan has naxas with opposition taking advantage of False Propaganda of them on u sir.
168,2017-12-31 15:49:38+00:00,I appeal to my Countrymen not ro celebrate New Year in the protest of Cowardice attack on CRPF Camp by Pakistan Terrorist killing our 4priceless brave Jawans. Om Shanti. Jai Hind
169,2017-11-26 01:08:51+00:00,its 26/11 8 years completed Mumbai attack can never be forgotten salute to the brave martyrs who lost their lives in attack #RIP  #MumbaiAttacks
170,2017-11-08 13:24:58+00:00,I have asthma. I was in Nainital last 3 days. Reaching Delhi in another 2 hours and I've got atleast 15 calls from friends and family to cover my mouth and run to the car to avoid a goddamn attack. FML.
171,2017-10-03 04:09:50+00:00,"Terrorist attack on BSF camp in Srinagar. 2 Terrorist killed. 3 Jawans injured.
11.30 ‡§¨‡§ú‡•á ‡§ï‡§°‡§º‡•Ä ‡§®‡§ø‡§®‡•ç‡§¶‡§æ ‡§ï‡•Ä ‡§ú‡§æ‡§Ø‡•á‡§ó‡•Ä ‡•§"
172,2017-09-07 11:37:06+00:00,Rahul pappu still needs to know how to attack opposition.His childish attacks r tools os laughter n derision
173,2017-08-04 17:07:51+00:00,Country Z security attack on the car of the leader obtained So think about what will happen to the safety of the general public The Govt w/r
174,2017-07-26 13:52:59+00:00,@tweettosheroes @RitaBJoshi @myogiadityanath @UPMahilaKalyan @ptshrikant ‡§ï‡•É‡§™‡§Ø‡§æ #Acid_Attack_Survivors ‡§ï‡•ã ‡§Ö‡§™‡§®‡§æ ‡§∏‡§π‡§Ø‡•ã‡§ó ‡§¶‡•á‡§ï‡§∞ ‡§∏‡§Æ‡§æ‡§ú ‡§ï‡•ã ‡§è‡§ï ‡§∏‡§Ç‡§¶‡•á‡§∂‡§¶‡•á‡§Ç
175,2017-07-12 10:47:01+00:00,"‡§ú‡•ã ‡§∏‡§∞‡§ï‡§æ‡§∞ 3 ‡§∏‡§æ‡§≤ ‡§Æ‡•á‡§Ç ‡§è‡§ï ‡§™‡•Ç‡§∞‡•ç‡§£‡§ï‡§æ‡§≤‡§ø‡§ï ‡§∞‡§ï‡•ç‡§∑‡§æ‡§Æ‡§Ç‡§§‡•ç‡§∞‡•Ä ‡§®‡§¶‡•á ‡§∏‡§ï‡•Ä ‡§µ‡•ã ‡§∞‡§ï‡•ç‡§∑‡§æ ‡§ï‡•à‡§∏‡•á ‡§ï‡§∞‡•á‡§ó‡•Ä? @DrKumarVishwas ; 
 Amarnath Terror Attack https://t.co/EqGvhCXb8a"
176,2017-07-11 17:13:04+00:00,@cnni it was a terror attack not cross fire u dimwit or it's like only americans get terror attack
177,2017-07-11 15:34:32+00:00,Are we waiting for next terroristic attack?then why not counter revenge.
178,2017-07-11 04:35:54+00:00,Hope wish and pray that the effect and impact of this horrible &amp; cowardly attack on our people and paramilitary forces does not go farüôèüèªüôèüèªüôèüèª
179,2017-07-10 17:13:25+00:00,The attack on #AmarnathYatra pilgrims is deplorable... Angry and sad...prayers for all those affected.!!
180,2017-07-02 10:30:14+00:00,"@myogiadityanath Sir again acid attack on same victim ‚òπÔ∏è, kya aapka khoon nahi khol raha?"
181,2017-06-22 19:14:33+00:00,"#KulbhushanJadhav Stop bullying Indians, they can't think even in their wildest dream about planning of any attack."
182,2017-06-20 03:03:18+00:00,#GM @RealKurtAngle on the #RAW for reveling the truth nd solve the mystery of the attack on #EnzoandCass
183,2017-06-17 09:45:26+00:00,@NairMalvika @myogiadityanath Are Heart attack aye hamare dushmano ko abi hamari umar hi kya hai jo heart attack ki bat karti ho Lol! üò•üò•üòÇüòÇüòâüôè
184,2017-05-07 17:43:18+00:00,Only the fear of nuclear war is preventing Third World War. We are lucky that no nation has 100 % capability to stop nuclear attack.
185,2017-05-04 05:52:16+00:00,Being a SM user It is my observation that People r using  #TripleTalaq as weapon to attack Muslim nd Islam.They r hardly concern abt Women.
186,2017-05-01 10:34:08+00:00,#LabourDa UPMSRA CHANDAUSI UNIT CELEBRATED LABOUR DAY SUSPENDED RALLY AND PAID HOMAGE TO JAWAN OF CRPF AND ARMY KILLED IN TERRORIST ATTACK
187,2017-04-25 11:29:38+00:00,@GautamGambhir whre r u when Naxalites attacks r jawans u want head off when Kashmiri attack r forces r u 4m the naxal team fake Indian
188,2017-04-21 10:15:51+00:00,Why again attack #ParisAttack when this stoped
189,2017-03-22 16:14:48+00:00,"Majority of the well educated people attack Arvind Kejriwal and defend Adityanath.

Education level in India is horrible"
190,2017-01-22 13:15:45+00:00,"Nt understood either RSS Lampatsr psychopaths or supper men know,talk abolish reservation is suicidal attack on self bt always barking on it https://t.co/nBKTCKIEoK"
191,2016-09-19 03:52:33+00:00,"On terrorist attack by Pakistan,our PM Modi Sahib says ""culprit will not b escaped,'but when,why not now, again another ZUMLA,not felt shame"
192,2016-03-23 18:42:06+00:00,Last ball win against Bangladesh. Almost got a heart attack. #indvsban #144WWW @ Moradabad https://t.co/Iax67MFllr
193,2016-03-11 14:40:42+00:00,"@Being_imtiaz91 attack? demonstration... Was anyone touched? Was security enough? I dont disagree, there are rowdy elements, can be handled."
194,2016-03-06 04:23:43+00:00,"This Taripar has lost his mental balance,frustrated from the defeat of Bihar,if defeated in UP, which is inevitable  will get heart attack"
195,2016-02-26 17:47:14+00:00,"INDIAN ARMY LOST THEIR 5 JAWANS WHILE SAVING SYED MUEED A TERRORIST SPN IN PAMPORE ATTACK
#KyunkiSmritiLiarHai https://t.co/JAzUL2JotU"
196,2016-02-22 15:13:14+00:00,"RSS head again got Hysteria attack demanding fr reconcile of reservation, fr hm is main issue, insist to abolish res.bt all will abolish him"
197,2016-02-04 03:12:32+00:00,#Traitorcongress justifies racial attack &amp; Pak denial of visa to #AnupamKher any reactions 2 this intolerance https://t.co/6Hm7pkSwhp
198,2016-01-05 05:11:30+00:00,"#Kargil 
#Parliament_Attack
#LocalTrain_Blast  
#M26_11
#GurdaspurAttack &amp; 
Now #PathankotAttack 
#Nothing_Has_Changed
#Talks_With_Terror??üò°"
199,2015-12-25 06:19:39+00:00,$20 million on marketing for #FreeBasics..2 pages of ads with a direct attack against #NetNeutrality activists..way 2 go @facebook!!
200,2015-07-27 03:05:01+00:00,"Gurdaspur terror attack is it a consequence of dangerous games by AAP vl #Presstitutes ask the Yugpurush to clarify 
http://t.co/1GNXRDcLxZ"
201,2015-07-14 13:24:18+00:00,The conspirators have an evil eye &amp; are now set to physically attack Asaram Bapu Ji! #LifeThreat2AsaramBapuji http://t.co/DWSAMhWDZ0
202,2015-07-05 09:55:56+00:00,"@anjanaomkashyap Even Modiji our popular politician, but the fourth pillar of democracy is cowardly attack"
203,2015-06-22 15:22:55+00:00,Afghan Parliament attack: I highly condemn... This act of terrorism.of Taliwan
204,2015-06-22 12:55:34+00:00,"Breaking news Afghanistan parliament attack: 6 Taliban militants dead, 18 civilians wounded @akbarsarim"
205,2015-06-11 09:37:25+00:00,@IBN7 India should think of nuclear attack on pakistan
206,2015-05-29 01:47:54+00:00,@MichaelVaughan England is totally attack on New Zealand
207,2015-05-13 09:02:52+00:00,"Pakistan: Karachi attack:43 killed,20 injured
Lo Good or Bad terrorist...."
208,2015-04-26 16:45:36+00:00,"@ShailuNd @BDUTT @MDPai05 is it communal to talk about attack on Hindu temples 
http://t.co/FJPxJ9S1CS"
209,2015-03-02 06:13:33+00:00,"@GorayaMufasar @mubasherlucman rehnumaa awaam ka aayina hai--
zaati nahiN policy attack kijiye"
210,2015-01-30 05:04:58+00:00,@iamspdubey @DesiNewsyTweets  funny response when you consider that politicians have been using Jasodaben to attack Modi
211,2014-12-18 09:29:06+00:00,"If Pakistan is serious about fighting terror, it should hand over Mumbai attack mastermind Hafiz Saeed &amp; fugitive don Dawood to India,"
212,2014-12-17 18:03:53+00:00,"Kaisi hogi uss Maa ki halat jiske bacche ne
kaha hoga aaj school nhi jaunga aur
Maa ne use daat kr jabarjasti 
bheja hoga?
#Peshawar#attack"
213,2014-12-10 03:05:30+00:00,@narendramodi Why Pakistan Attack On Us and We Are silence..
214,2014-08-20 13:45:00+00:00,@shahidkapoor 's Skull Attack :o http://t.co/u7nHmy9Hx6
215,2013-12-01 13:31:03+00:00,@ZeeNews attack at right time superb #NaMo ji
216,2013-11-27 06:25:36+00:00,Four CRPF jawans killed in Maoist attack in Bijapur district of Chhattisgarh.
217,2013-08-16 02:23:33+00:00,"My #ClashOfClans Videos
My Attack log http://t.co/FqGHiBNPUE
My Defence log http://t.co/9XsqO0gw2u @JorgeYao87"
218,2012-12-19 18:12:01+00:00,"@LukeSlats if I were an Indian selector, I would fire Sachin and bring in some young blood. We also need better bowling attack."
219,2012-06-05 04:57:30+00:00,We don't believe in rheumatism and true love until after the first attack.
220,2012-04-17 12:32:13+00:00,@ImZaheer although m a #pwi supporter but wish to see a great bowling attack from you.. good luck
221,2012-02-04 20:59:27+00:00,Bot attack!! Is that good? Should i be excited?? Am i real??
